"year","month","CO2","ts","time"
1958,11,313.33,1958.88,"1958-11-15 00:00:00"
1958,12,314.67,1958.96,"1958-12-15 00:00:00"
1958,3,315.7,1958.21,"1958-3-15 00:00:00"
1958,4,317.45,1958.29,"1958-4-15 00:00:00"
1958,5,317.51,1958.38,"1958-5-15 00:00:00"
1958,7,315.86,1958.54,"1958-7-15 00:00:00"
1958,8,314.93,1958.62,"1958-8-15 00:00:00"
1958,9,313.21,1958.71,"1958-9-15 00:00:00"
1959,1,315.58,1959.04,"1959-1-15 00:00:00"
1959,10,313.33,1959.79,"1959-10-15 00:00:00"
1959,11,314.81,1959.88,"1959-11-15 00:00:00"
1959,12,315.58,1959.96,"1959-12-15 00:00:00"
1959,2,316.48,1959.12,"1959-2-15 00:00:00"
1959,3,316.65,1959.21,"1959-3-15 00:00:00"
1959,4,317.72,1959.29,"1959-4-15 00:00:00"
1959,5,318.29,1959.38,"1959-5-15 00:00:00"
1959,6,318.15,1959.46,"1959-6-15 00:00:00"
1959,7,316.54,1959.54,"1959-7-15 00:00:00"
1959,8,314.8,1959.62,"1959-8-15 00:00:00"
1959,9,313.84,1959.71,"1959-9-15 00:00:00"
1960,1,316.43,1960.04,"1960-1-15 00:00:00"
1960,10,313.83,1960.79,"1960-10-15 00:00:00"
1960,11,315,1960.88,"1960-11-15 00:00:00"
1960,12,316.19,1960.96,"1960-12-15 00:00:00"
1960,2,316.98,1960.12,"1960-2-15 00:00:00"
1960,3,317.58,1960.21,"1960-3-15 00:00:00"
1960,4,319.03,1960.29,"1960-4-15 00:00:00"
1960,5,320.04,1960.38,"1960-5-15 00:00:00"
1960,6,319.59,1960.46,"1960-6-15 00:00:00"
1960,7,318.18,1960.54,"1960-7-15 00:00:00"
1960,8,315.9,1960.62,"1960-8-15 00:00:00"
1960,9,314.17,1960.71,"1960-9-15 00:00:00"
1961,1,316.89,1961.04,"1961-1-15 00:00:00"
1961,10,315.31,1961.79,"1961-10-15 00:00:00"
1961,11,316.1,1961.88,"1961-11-15 00:00:00"
1961,12,317.01,1961.96,"1961-12-15 00:00:00"
1961,2,317.7,1961.12,"1961-2-15 00:00:00"
1961,3,318.54,1961.21,"1961-3-15 00:00:00"
1961,4,319.48,1961.29,"1961-4-15 00:00:00"
1961,5,320.58,1961.38,"1961-5-15 00:00:00"
1961,6,319.77,1961.46,"1961-6-15 00:00:00"
1961,7,318.57,1961.54,"1961-7-15 00:00:00"
1961,8,316.79,1961.62,"1961-8-15 00:00:00"
1961,9,314.99,1961.71,"1961-9-15 00:00:00"
1962,1,317.94,1962.04,"1962-1-15 00:00:00"
1962,10,315.42,1962.79,"1962-10-15 00:00:00"
1962,11,316.69,1962.88,"1962-11-15 00:00:00"
1962,12,317.7,1962.96,"1962-12-15 00:00:00"
1962,2,318.55,1962.12,"1962-2-15 00:00:00"
1962,3,319.68,1962.21,"1962-3-15 00:00:00"
1962,4,320.57,1962.29,"1962-4-15 00:00:00"
1962,5,321.02,1962.38,"1962-5-15 00:00:00"
1962,6,320.62,1962.46,"1962-6-15 00:00:00"
1962,7,319.61,1962.54,"1962-7-15 00:00:00"
1962,8,317.4,1962.62,"1962-8-15 00:00:00"
1962,9,316.25,1962.71,"1962-9-15 00:00:00"
1963,1,318.74,1963.04,"1963-1-15 00:00:00"
1963,10,315.99,1963.79,"1963-10-15 00:00:00"
1963,11,317.07,1963.88,"1963-11-15 00:00:00"
1963,12,318.35,1963.96,"1963-12-15 00:00:00"
1963,2,319.07,1963.12,"1963-2-15 00:00:00"
1963,3,319.86,1963.21,"1963-3-15 00:00:00"
1963,4,321.38,1963.29,"1963-4-15 00:00:00"
1963,5,322.25,1963.38,"1963-5-15 00:00:00"
1963,6,321.48,1963.46,"1963-6-15 00:00:00"
1963,7,319.74,1963.54,"1963-7-15 00:00:00"
1963,8,317.77,1963.62,"1963-8-15 00:00:00"
1963,9,316.21,1963.71,"1963-9-15 00:00:00"
1964,1,319.57,1964.04,"1964-1-15 00:00:00"
1964,10,316.87,1964.79,"1964-10-15 00:00:00"
1964,11,317.68,1964.88,"1964-11-15 00:00:00"
1964,12,318.71,1964.96,"1964-12-15 00:00:00"
1964,5,322.25,1964.38,"1964-5-15 00:00:00"
1964,6,321.89,1964.46,"1964-6-15 00:00:00"
1964,7,320.44,1964.54,"1964-7-15 00:00:00"
1964,8,318.69,1964.62,"1964-8-15 00:00:00"
1964,9,316.7,1964.71,"1964-9-15 00:00:00"
1965,1,319.44,1965.04,"1965-1-15 00:00:00"
1965,10,317.3,1965.79,"1965-10-15 00:00:00"
1965,11,318.87,1965.88,"1965-11-15 00:00:00"
1965,12,319.42,1965.96,"1965-12-15 00:00:00"
1965,2,320.44,1965.12,"1965-2-15 00:00:00"
1965,3,320.89,1965.21,"1965-3-15 00:00:00"
1965,4,322.14,1965.29,"1965-4-15 00:00:00"
1965,5,322.17,1965.38,"1965-5-15 00:00:00"
1965,6,321.87,1965.46,"1965-6-15 00:00:00"
1965,7,321.21,1965.54,"1965-7-15 00:00:00"
1965,8,318.87,1965.62,"1965-8-15 00:00:00"
1965,9,317.82,1965.71,"1965-9-15 00:00:00"
1966,1,320.62,1966.04,"1966-1-15 00:00:00"
1966,10,318.1,1966.79,"1966-10-15 00:00:00"
1966,11,319.78,1966.88,"1966-11-15 00:00:00"
1966,12,321.03,1966.96,"1966-12-15 00:00:00"
1966,2,321.6,1966.12,"1966-2-15 00:00:00"
1966,3,322.39,1966.21,"1966-3-15 00:00:00"
1966,4,323.7,1966.29,"1966-4-15 00:00:00"
1966,5,324.08,1966.38,"1966-5-15 00:00:00"
1966,6,323.75,1966.46,"1966-6-15 00:00:00"
1966,7,322.38,1966.54,"1966-7-15 00:00:00"
1966,8,320.36,1966.62,"1966-8-15 00:00:00"
1966,9,318.64,1966.71,"1966-9-15 00:00:00"
1967,1,322.33,1967.04,"1967-1-15 00:00:00"
1967,10,319.39,1967.79,"1967-10-15 00:00:00"
1967,11,320.73,1967.88,"1967-11-15 00:00:00"
1967,12,321.96,1967.96,"1967-12-15 00:00:00"
1967,2,322.5,1967.12,"1967-2-15 00:00:00"
1967,3,323.04,1967.21,"1967-3-15 00:00:00"
1967,4,324.42,1967.29,"1967-4-15 00:00:00"
1967,5,325,1967.38,"1967-5-15 00:00:00"
1967,6,324.09,1967.46,"1967-6-15 00:00:00"
1967,7,322.54,1967.54,"1967-7-15 00:00:00"
1967,8,320.92,1967.62,"1967-8-15 00:00:00"
1967,9,319.25,1967.71,"1967-9-15 00:00:00"
1968,1,322.57,1968.04,"1968-1-15 00:00:00"
1968,10,320.25,1968.79,"1968-10-15 00:00:00"
1968,11,321.32,1968.88,"1968-11-15 00:00:00"
1968,12,322.89,1968.96,"1968-12-15 00:00:00"
1968,2,323.15,1968.12,"1968-2-15 00:00:00"
1968,3,323.89,1968.21,"1968-3-15 00:00:00"
1968,4,325.02,1968.29,"1968-4-15 00:00:00"
1968,5,325.57,1968.38,"1968-5-15 00:00:00"
1968,6,325.36,1968.46,"1968-6-15 00:00:00"
1968,7,324.14,1968.54,"1968-7-15 00:00:00"
1968,8,322.11,1968.62,"1968-8-15 00:00:00"
1968,9,320.33,1968.71,"1968-9-15 00:00:00"
1969,1,324,1969.04,"1969-1-15 00:00:00"
1969,10,321.78,1969.79,"1969-10-15 00:00:00"
1969,11,322.85,1969.88,"1969-11-15 00:00:00"
1969,12,324.12,1969.96,"1969-12-15 00:00:00"
1969,2,324.42,1969.12,"1969-2-15 00:00:00"
1969,3,325.63,1969.21,"1969-3-15 00:00:00"
1969,4,326.66,1969.29,"1969-4-15 00:00:00"
1969,5,327.38,1969.38,"1969-5-15 00:00:00"
1969,6,326.71,1969.46,"1969-6-15 00:00:00"
1969,7,325.88,1969.54,"1969-7-15 00:00:00"
1969,8,323.66,1969.62,"1969-8-15 00:00:00"
1969,9,322.38,1969.71,"1969-9-15 00:00:00"
1970,1,325.06,1970.04,"1970-1-15 00:00:00"
1970,10,323.06,1970.79,"1970-10-15 00:00:00"
1970,11,324.01,1970.88,"1970-11-15 00:00:00"
1970,12,325.13,1970.96,"1970-12-15 00:00:00"
1970,2,325.98,1970.12,"1970-2-15 00:00:00"
1970,3,326.93,1970.21,"1970-3-15 00:00:00"
1970,4,328.13,1970.29,"1970-4-15 00:00:00"
1970,5,328.08,1970.38,"1970-5-15 00:00:00"
1970,6,327.67,1970.46,"1970-6-15 00:00:00"
1970,7,326.34,1970.54,"1970-7-15 00:00:00"
1970,8,324.69,1970.62,"1970-8-15 00:00:00"
1970,9,323.1,1970.71,"1970-9-15 00:00:00"
1971,1,326.17,1971.04,"1971-1-15 00:00:00"
1971,10,323.56,1971.79,"1971-10-15 00:00:00"
1971,11,324.8,1971.88,"1971-11-15 00:00:00"
1971,12,326.01,1971.96,"1971-12-15 00:00:00"
1971,2,326.68,1971.12,"1971-2-15 00:00:00"
1971,3,327.18,1971.21,"1971-3-15 00:00:00"
1971,4,327.79,1971.29,"1971-4-15 00:00:00"
1971,5,328.93,1971.38,"1971-5-15 00:00:00"
1971,6,328.57,1971.46,"1971-6-15 00:00:00"
1971,7,327.36,1971.54,"1971-7-15 00:00:00"
1971,8,325.43,1971.62,"1971-8-15 00:00:00"
1971,9,323.36,1971.71,"1971-9-15 00:00:00"
1972,1,326.77,1972.04,"1972-1-15 00:00:00"
1972,10,325.2,1972.79,"1972-10-15 00:00:00"
1972,11,326.5,1972.88,"1972-11-15 00:00:00"
1972,12,327.55,1972.96,"1972-12-15 00:00:00"
1972,2,327.63,1972.12,"1972-2-15 00:00:00"
1972,3,327.75,1972.21,"1972-3-15 00:00:00"
1972,4,329.72,1972.29,"1972-4-15 00:00:00"
1972,5,330.07,1972.38,"1972-5-15 00:00:00"
1972,6,329.09,1972.46,"1972-6-15 00:00:00"
1972,7,328.04,1972.54,"1972-7-15 00:00:00"
1972,8,326.32,1972.62,"1972-8-15 00:00:00"
1972,9,324.84,1972.71,"1972-9-15 00:00:00"
1973,1,328.55,1973.04,"1973-1-15 00:00:00"
1973,10,327.18,1973.79,"1973-10-15 00:00:00"
1973,11,328.16,1973.88,"1973-11-15 00:00:00"
1973,12,328.64,1973.96,"1973-12-15 00:00:00"
1973,2,329.56,1973.12,"1973-2-15 00:00:00"
1973,3,330.3,1973.21,"1973-3-15 00:00:00"
1973,4,331.5,1973.29,"1973-4-15 00:00:00"
1973,5,332.48,1973.38,"1973-5-15 00:00:00"
1973,6,332.07,1973.46,"1973-6-15 00:00:00"
1973,7,330.87,1973.54,"1973-7-15 00:00:00"
1973,8,329.31,1973.62,"1973-8-15 00:00:00"
1973,9,327.51,1973.71,"1973-9-15 00:00:00"
1974,1,329.35,1974.04,"1974-1-15 00:00:00"
1974,10,327.37,1974.79,"1974-10-15 00:00:00"
1974,11,328.46,1974.88,"1974-11-15 00:00:00"
1974,12,329.57,1974.96,"1974-12-15 00:00:00"
1974,2,330.71,1974.12,"1974-2-15 00:00:00"
1974,3,331.48,1974.21,"1974-3-15 00:00:00"
1974,4,332.65,1974.29,"1974-4-15 00:00:00"
1974,5,333.09,1974.38,"1974-5-15 00:00:00"
1974,6,332.25,1974.46,"1974-6-15 00:00:00"
1974,7,331.18,1974.54,"1974-7-15 00:00:00"
1974,8,329.39,1974.62,"1974-8-15 00:00:00"
1974,9,327.43,1974.71,"1974-9-15 00:00:00"
1975,1,330.4,1975.04,"1975-1-15 00:00:00"
1975,10,328.34,1975.79,"1975-10-15 00:00:00"
1975,11,329.49,1975.88,"1975-11-15 00:00:00"
1975,12,330.76,1975.96,"1975-12-15 00:00:00"
1975,2,331.4,1975.12,"1975-2-15 00:00:00"
1975,3,332.04,1975.21,"1975-3-15 00:00:00"
1975,4,333.31,1975.29,"1975-4-15 00:00:00"
1975,5,333.97,1975.38,"1975-5-15 00:00:00"
1975,6,333.6,1975.46,"1975-6-15 00:00:00"
1975,7,331.9,1975.54,"1975-7-15 00:00:00"
1975,8,330.06,1975.62,"1975-8-15 00:00:00"
1975,9,328.56,1975.71,"1975-9-15 00:00:00"
1976,1,331.75,1976.04,"1976-1-15 00:00:00"
1976,10,328.94,1976.79,"1976-10-15 00:00:00"
1976,11,330.31,1976.88,"1976-11-15 00:00:00"
1976,12,331.68,1976.96,"1976-12-15 00:00:00"
1976,2,332.56,1976.12,"1976-2-15 00:00:00"
1976,3,333.5,1976.21,"1976-3-15 00:00:00"
1976,4,334.58,1976.29,"1976-4-15 00:00:00"
1976,5,334.88,1976.38,"1976-5-15 00:00:00"
1976,6,334.33,1976.46,"1976-6-15 00:00:00"
1976,7,333.05,1976.54,"1976-7-15 00:00:00"
1976,8,330.94,1976.62,"1976-8-15 00:00:00"
1976,9,329.3,1976.71,"1976-9-15 00:00:00"
1977,1,332.93,1977.04,"1977-1-15 00:00:00"
1977,10,331.16,1977.79,"1977-10-15 00:00:00"
1977,11,332.4,1977.88,"1977-11-15 00:00:00"
1977,12,333.85,1977.96,"1977-12-15 00:00:00"
1977,2,333.42,1977.12,"1977-2-15 00:00:00"
1977,3,334.7,1977.21,"1977-3-15 00:00:00"
1977,4,336.07,1977.29,"1977-4-15 00:00:00"
1977,5,336.75,1977.38,"1977-5-15 00:00:00"
1977,6,336.27,1977.46,"1977-6-15 00:00:00"
1977,7,334.92,1977.54,"1977-7-15 00:00:00"
1977,8,332.75,1977.62,"1977-8-15 00:00:00"
1977,9,331.59,1977.71,"1977-9-15 00:00:00"
1978,1,334.97,1978.04,"1978-1-15 00:00:00"
1978,10,332.55,1978.79,"1978-10-15 00:00:00"
1978,11,333.92,1978.88,"1978-11-15 00:00:00"
1978,12,334.95,1978.96,"1978-12-15 00:00:00"
1978,2,335.39,1978.12,"1978-2-15 00:00:00"
1978,3,336.64,1978.21,"1978-3-15 00:00:00"
1978,4,337.76,1978.29,"1978-4-15 00:00:00"
1978,5,338.01,1978.38,"1978-5-15 00:00:00"
1978,6,337.9,1978.46,"1978-6-15 00:00:00"
1978,7,336.54,1978.54,"1978-7-15 00:00:00"
1978,8,334.68,1978.62,"1978-8-15 00:00:00"
1978,9,332.76,1978.71,"1978-9-15 00:00:00"
1979,1,336.23,1979.04,"1979-1-15 00:00:00"
1979,10,333.86,1979.79,"1979-10-15 00:00:00"
1979,11,335.29,1979.88,"1979-11-15 00:00:00"
1979,12,336.73,1979.96,"1979-12-15 00:00:00"
1979,2,336.76,1979.12,"1979-2-15 00:00:00"
1979,3,337.96,1979.21,"1979-3-15 00:00:00"
1979,4,338.88,1979.29,"1979-4-15 00:00:00"
1979,5,339.47,1979.38,"1979-5-15 00:00:00"
1979,6,339.29,1979.46,"1979-6-15 00:00:00"
1979,7,337.73,1979.54,"1979-7-15 00:00:00"
1979,8,336.09,1979.62,"1979-8-15 00:00:00"
1979,9,333.92,1979.71,"1979-9-15 00:00:00"
1980,1,338.01,1980.04,"1980-1-15 00:00:00"
1980,10,336.02,1980.79,"1980-10-15 00:00:00"
1980,11,337.1,1980.88,"1980-11-15 00:00:00"
1980,12,338.21,1980.96,"1980-12-15 00:00:00"
1980,2,338.36,1980.12,"1980-2-15 00:00:00"
1980,3,340.07,1980.21,"1980-3-15 00:00:00"
1980,4,340.76,1980.29,"1980-4-15 00:00:00"
1980,5,341.47,1980.38,"1980-5-15 00:00:00"
1980,6,341.17,1980.46,"1980-6-15 00:00:00"
1980,7,339.56,1980.54,"1980-7-15 00:00:00"
1980,8,337.6,1980.62,"1980-8-15 00:00:00"
1980,9,335.88,1980.71,"1980-9-15 00:00:00"
1981,1,339.24,1981.04,"1981-1-15 00:00:00"
1981,10,336.86,1981.79,"1981-10-15 00:00:00"
1981,11,338.36,1981.88,"1981-11-15 00:00:00"
1981,12,339.61,1981.96,"1981-12-15 00:00:00"
1981,2,340.48,1981.12,"1981-2-15 00:00:00"
1981,3,341.38,1981.21,"1981-3-15 00:00:00"
1981,4,342.5,1981.29,"1981-4-15 00:00:00"
1981,5,342.91,1981.38,"1981-5-15 00:00:00"
1981,6,342.25,1981.46,"1981-6-15 00:00:00"
1981,7,340.49,1981.54,"1981-7-15 00:00:00"
1981,8,338.43,1981.62,"1981-8-15 00:00:00"
1981,9,336.69,1981.71,"1981-9-15 00:00:00"
1982,1,340.75,1982.04,"1982-1-15 00:00:00"
1982,10,337.86,1982.79,"1982-10-15 00:00:00"
1982,11,339.26,1982.88,"1982-11-15 00:00:00"
1982,12,340.49,1982.96,"1982-12-15 00:00:00"
1982,2,341.61,1982.12,"1982-2-15 00:00:00"
1982,3,342.7,1982.21,"1982-3-15 00:00:00"
1982,4,343.57,1982.29,"1982-4-15 00:00:00"
1982,5,344.14,1982.38,"1982-5-15 00:00:00"
1982,6,343.35,1982.46,"1982-6-15 00:00:00"
1982,7,342.06,1982.54,"1982-7-15 00:00:00"
1982,8,339.81,1982.62,"1982-8-15 00:00:00"
1982,9,337.98,1982.71,"1982-9-15 00:00:00"
1983,1,341.38,1983.04,"1983-1-15 00:00:00"
1983,10,339.99,1983.79,"1983-10-15 00:00:00"
1983,11,341.15,1983.88,"1983-11-15 00:00:00"
1983,12,342.99,1983.96,"1983-12-15 00:00:00"
1983,2,342.52,1983.12,"1983-2-15 00:00:00"
1983,3,343.1,1983.21,"1983-3-15 00:00:00"
1983,4,344.94,1983.29,"1983-4-15 00:00:00"
1983,5,345.76,1983.38,"1983-5-15 00:00:00"
1983,6,345.32,1983.46,"1983-6-15 00:00:00"
1983,7,343.98,1983.54,"1983-7-15 00:00:00"
1983,8,342.38,1983.62,"1983-8-15 00:00:00"
1983,9,339.87,1983.71,"1983-9-15 00:00:00"
1984,1,343.7,1984.04,"1984-1-15 00:00:00"
1984,10,341.35,1984.79,"1984-10-15 00:00:00"
1984,11,342.98,1984.88,"1984-11-15 00:00:00"
1984,12,344.22,1984.96,"1984-12-15 00:00:00"
1984,2,344.5,1984.12,"1984-2-15 00:00:00"
1984,3,345.28,1984.21,"1984-3-15 00:00:00"
1984,4,347.05,1984.29,"1984-4-15 00:00:00"
1984,5,347.43,1984.38,"1984-5-15 00:00:00"
1984,6,346.8,1984.46,"1984-6-15 00:00:00"
1984,7,345.39,1984.54,"1984-7-15 00:00:00"
1984,8,343.28,1984.62,"1984-8-15 00:00:00"
1984,9,341.07,1984.71,"1984-9-15 00:00:00"
1985,1,344.97,1985.04,"1985-1-15 00:00:00"
1985,10,342.8,1985.79,"1985-10-15 00:00:00"
1985,11,344.24,1985.88,"1985-11-15 00:00:00"
1985,12,345.56,1985.96,"1985-12-15 00:00:00"
1985,2,345.99,1985.12,"1985-2-15 00:00:00"
1985,3,347.42,1985.21,"1985-3-15 00:00:00"
1985,4,348.35,1985.29,"1985-4-15 00:00:00"
1985,5,348.93,1985.38,"1985-5-15 00:00:00"
1985,6,348.25,1985.46,"1985-6-15 00:00:00"
1985,7,346.56,1985.54,"1985-7-15 00:00:00"
1985,8,344.67,1985.62,"1985-8-15 00:00:00"
1985,9,343.09,1985.71,"1985-9-15 00:00:00"
1986,1,346.3,1986.04,"1986-1-15 00:00:00"
1986,10,344.17,1986.79,"1986-10-15 00:00:00"
1986,11,345.66,1986.88,"1986-11-15 00:00:00"
1986,12,346.9,1986.96,"1986-12-15 00:00:00"
1986,2,346.95,1986.12,"1986-2-15 00:00:00"
1986,3,347.85,1986.21,"1986-3-15 00:00:00"
1986,4,349.55,1986.29,"1986-4-15 00:00:00"
1986,5,350.21,1986.38,"1986-5-15 00:00:00"
1986,6,349.55,1986.46,"1986-6-15 00:00:00"
1986,7,347.94,1986.54,"1986-7-15 00:00:00"
1986,8,345.9,1986.62,"1986-8-15 00:00:00"
1986,9,344.85,1986.71,"1986-9-15 00:00:00"
1987,1,348.02,1987.04,"1987-1-15 00:00:00"
1987,10,346.36,1987.79,"1987-10-15 00:00:00"
1987,11,347.81,1987.88,"1987-11-15 00:00:00"
1987,12,348.96,1987.96,"1987-12-15 00:00:00"
1987,2,348.48,1987.12,"1987-2-15 00:00:00"
1987,3,349.42,1987.21,"1987-3-15 00:00:00"
1987,4,350.98,1987.29,"1987-4-15 00:00:00"
1987,5,351.85,1987.38,"1987-5-15 00:00:00"
1987,6,351.26,1987.46,"1987-6-15 00:00:00"
1987,7,349.51,1987.54,"1987-7-15 00:00:00"
1987,8,348.1,1987.62,"1987-8-15 00:00:00"
1987,9,346.45,1987.71,"1987-9-15 00:00:00"
1988,1,350.43,1988.04,"1988-1-15 00:00:00"
1988,10,348.88,1988.79,"1988-10-15 00:00:00"
1988,11,350.07,1988.88,"1988-11-15 00:00:00"
1988,12,351.34,1988.96,"1988-12-15 00:00:00"
1988,2,351.73,1988.12,"1988-2-15 00:00:00"
1988,3,352.22,1988.21,"1988-3-15 00:00:00"
1988,4,353.59,1988.29,"1988-4-15 00:00:00"
1988,5,354.22,1988.38,"1988-5-15 00:00:00"
1988,6,353.8,1988.46,"1988-6-15 00:00:00"
1988,7,352.38,1988.54,"1988-7-15 00:00:00"
1988,8,350.43,1988.62,"1988-8-15 00:00:00"
1988,9,348.73,1988.71,"1988-9-15 00:00:00"
1989,1,352.76,1989.04,"1989-1-15 00:00:00"
1989,10,349.99,1989.79,"1989-10-15 00:00:00"
1989,11,351.3,1989.88,"1989-11-15 00:00:00"
1989,12,352.52,1989.96,"1989-12-15 00:00:00"
1989,2,353.07,1989.12,"1989-2-15 00:00:00"
1989,3,353.68,1989.21,"1989-3-15 00:00:00"
1989,4,355.42,1989.29,"1989-4-15 00:00:00"
1989,5,355.67,1989.38,"1989-5-15 00:00:00"
1989,6,355.12,1989.46,"1989-6-15 00:00:00"
1989,7,353.9,1989.54,"1989-7-15 00:00:00"
1989,8,351.67,1989.62,"1989-8-15 00:00:00"
1989,9,349.81,1989.71,"1989-9-15 00:00:00"
1990,1,353.66,1990.04,"1990-1-15 00:00:00"
1990,10,351.18,1990.79,"1990-10-15 00:00:00"
1990,11,352.83,1990.88,"1990-11-15 00:00:00"
1990,12,354.21,1990.96,"1990-12-15 00:00:00"
1990,2,354.7,1990.12,"1990-2-15 00:00:00"
1990,3,355.38,1990.21,"1990-3-15 00:00:00"
1990,4,356.2,1990.29,"1990-4-15 00:00:00"
1990,5,357.16,1990.38,"1990-5-15 00:00:00"
1990,6,356.23,1990.46,"1990-6-15 00:00:00"
1990,7,354.81,1990.54,"1990-7-15 00:00:00"
1990,8,352.91,1990.62,"1990-8-15 00:00:00"
1990,9,350.96,1990.71,"1990-9-15 00:00:00"
1991,1,354.72,1991.04,"1991-1-15 00:00:00"
1991,10,352.21,1991.79,"1991-10-15 00:00:00"
1991,11,353.75,1991.88,"1991-11-15 00:00:00"
1991,12,354.99,1991.96,"1991-12-15 00:00:00"
1991,2,355.75,1991.12,"1991-2-15 00:00:00"
1991,3,357.16,1991.21,"1991-3-15 00:00:00"
1991,4,358.6,1991.29,"1991-4-15 00:00:00"
1991,5,359.34,1991.38,"1991-5-15 00:00:00"
1991,6,358.24,1991.46,"1991-6-15 00:00:00"
1991,7,356.17,1991.54,"1991-7-15 00:00:00"
1991,8,354.01,1991.62,"1991-8-15 00:00:00"
1991,9,352.15,1991.71,"1991-9-15 00:00:00"
1992,1,355.99,1992.04,"1992-1-15 00:00:00"
1992,10,353.31,1992.79,"1992-10-15 00:00:00"
1992,11,354.16,1992.88,"1992-11-15 00:00:00"
1992,12,355.4,1992.96,"1992-12-15 00:00:00"
1992,2,356.72,1992.12,"1992-2-15 00:00:00"
1992,3,357.81,1992.21,"1992-3-15 00:00:00"
1992,4,359.15,1992.29,"1992-4-15 00:00:00"
1992,5,359.66,1992.38,"1992-5-15 00:00:00"
1992,6,359.25,1992.46,"1992-6-15 00:00:00"
1992,7,357.02,1992.54,"1992-7-15 00:00:00"
1992,8,355,1992.62,"1992-8-15 00:00:00"
1992,9,353.01,1992.71,"1992-9-15 00:00:00"
1993,1,356.7,1993.04,"1993-1-15 00:00:00"
1993,10,353.99,1993.79,"1993-10-15 00:00:00"
1993,11,355.34,1993.88,"1993-11-15 00:00:00"
1993,12,356.8,1993.96,"1993-12-15 00:00:00"
1993,2,357.17,1993.12,"1993-2-15 00:00:00"
1993,3,358.38,1993.21,"1993-3-15 00:00:00"
1993,4,359.46,1993.29,"1993-4-15 00:00:00"
1993,5,360.28,1993.38,"1993-5-15 00:00:00"
1993,6,359.6,1993.46,"1993-6-15 00:00:00"
1993,7,357.57,1993.54,"1993-7-15 00:00:00"
1993,8,355.52,1993.62,"1993-8-15 00:00:00"
1993,9,353.69,1993.71,"1993-9-15 00:00:00"
1994,1,358.37,1994.04,"1994-1-15 00:00:00"
1994,10,356,1994.79,"1994-10-15 00:00:00"
1994,11,357.58,1994.88,"1994-11-15 00:00:00"
1994,12,359.04,1994.96,"1994-12-15 00:00:00"
1994,2,358.91,1994.12,"1994-2-15 00:00:00"
1994,3,359.97,1994.21,"1994-3-15 00:00:00"
1994,4,361.26,1994.29,"1994-4-15 00:00:00"
1994,5,361.69,1994.38,"1994-5-15 00:00:00"
1994,6,360.94,1994.46,"1994-6-15 00:00:00"
1994,7,359.55,1994.54,"1994-7-15 00:00:00"
1994,8,357.48,1994.62,"1994-8-15 00:00:00"
1994,9,355.84,1994.71,"1994-9-15 00:00:00"
1995,1,359.97,1995.04,"1995-1-15 00:00:00"
1995,10,357.75,1995.79,"1995-10-15 00:00:00"
1995,11,359.56,1995.88,"1995-11-15 00:00:00"
1995,12,360.7,1995.96,"1995-12-15 00:00:00"
1995,2,361,1995.12,"1995-2-15 00:00:00"
1995,3,361.63,1995.21,"1995-3-15 00:00:00"
1995,4,363.45,1995.29,"1995-4-15 00:00:00"
1995,5,363.8,1995.38,"1995-5-15 00:00:00"
1995,6,363.26,1995.46,"1995-6-15 00:00:00"
1995,7,361.89,1995.54,"1995-7-15 00:00:00"
1995,8,359.45,1995.62,"1995-8-15 00:00:00"
1995,9,358.05,1995.71,"1995-9-15 00:00:00"
1996,1,362.05,1996.04,"1996-1-15 00:00:00"
1996,10,359.61,1996.79,"1996-10-15 00:00:00"
1996,11,360.76,1996.88,"1996-11-15 00:00:00"
1996,12,362.33,1996.96,"1996-12-15 00:00:00"
1996,2,363.24,1996.12,"1996-2-15 00:00:00"
1996,3,364.02,1996.21,"1996-3-15 00:00:00"
1996,4,364.71,1996.29,"1996-4-15 00:00:00"
1996,5,365.42,1996.38,"1996-5-15 00:00:00"
1996,6,364.97,1996.46,"1996-6-15 00:00:00"
1996,7,363.65,1996.54,"1996-7-15 00:00:00"
1996,8,361.48,1996.62,"1996-8-15 00:00:00"
1996,9,359.45,1996.71,"1996-9-15 00:00:00"
1997,1,363.18,1997.04,"1997-1-15 00:00:00"
1997,10,360.77,1997.79,"1997-10-15 00:00:00"
1997,11,362.43,1997.88,"1997-11-15 00:00:00"
1997,12,364.28,1997.96,"1997-12-15 00:00:00"
1997,2,363.99,1997.12,"1997-2-15 00:00:00"
1997,3,364.56,1997.21,"1997-3-15 00:00:00"
1997,4,366.35,1997.29,"1997-4-15 00:00:00"
1997,5,366.8,1997.38,"1997-5-15 00:00:00"
1997,6,365.63,1997.46,"1997-6-15 00:00:00"
1997,7,364.47,1997.54,"1997-7-15 00:00:00"
1997,8,362.5,1997.62,"1997-8-15 00:00:00"
1997,9,360.19,1997.71,"1997-9-15 00:00:00"
1998,1,365.33,1998.04,"1998-1-15 00:00:00"
1998,10,364.23,1998.79,"1998-10-15 00:00:00"
1998,11,365.46,1998.88,"1998-11-15 00:00:00"
1998,12,366.97,1998.96,"1998-12-15 00:00:00"
1998,2,366.15,1998.12,"1998-2-15 00:00:00"
1998,3,367.31,1998.21,"1998-3-15 00:00:00"
1998,4,368.61,1998.29,"1998-4-15 00:00:00"
1998,5,369.3,1998.38,"1998-5-15 00:00:00"
1998,6,368.88,1998.46,"1998-6-15 00:00:00"
1998,7,367.64,1998.54,"1998-7-15 00:00:00"
1998,8,365.78,1998.62,"1998-8-15 00:00:00"
1998,9,363.9,1998.71,"1998-9-15 00:00:00"
1999,1,368.15,1999.04,"1999-1-15 00:00:00"
1999,10,365.13,1999.79,"1999-10-15 00:00:00"
1999,11,366.68,1999.88,"1999-11-15 00:00:00"
1999,12,368,1999.96,"1999-12-15 00:00:00"
1999,2,368.87,1999.12,"1999-2-15 00:00:00"
1999,3,369.59,1999.21,"1999-3-15 00:00:00"
1999,4,371.14,1999.29,"1999-4-15 00:00:00"
1999,5,371,1999.38,"1999-5-15 00:00:00"
1999,6,370.35,1999.46,"1999-6-15 00:00:00"
1999,7,369.27,1999.54,"1999-7-15 00:00:00"
1999,8,366.93,1999.62,"1999-8-15 00:00:00"
1999,9,364.64,1999.71,"1999-9-15 00:00:00"
2000,1,369.14,2000.04,"2000-1-15 00:00:00"
2000,10,366.73,2000.79,"2000-10-15 00:00:00"
2000,11,368.29,2000.88,"2000-11-15 00:00:00"
2000,12,369.53,2000.96,"2000-12-15 00:00:00"
2000,2,369.46,2000.12,"2000-2-15 00:00:00"
2000,3,370.51,2000.21,"2000-3-15 00:00:00"
2000,4,371.66,2000.29,"2000-4-15 00:00:00"
2000,5,371.83,2000.38,"2000-5-15 00:00:00"
2000,6,371.69,2000.46,"2000-6-15 00:00:00"
2000,7,370.12,2000.54,"2000-7-15 00:00:00"
2000,8,368.12,2000.62,"2000-8-15 00:00:00"
2000,9,366.62,2000.71,"2000-9-15 00:00:00"
2001,1,370.28,2001.04,"2001-1-15 00:00:00"
2001,10,368.09,2001.79,"2001-10-15 00:00:00"
2001,11,369.68,2001.88,"2001-11-15 00:00:00"
2001,12,371.24,2001.96,"2001-12-15 00:00:00"
2001,2,371.5,2001.12,"2001-2-15 00:00:00"
2001,3,372.12,2001.21,"2001-3-15 00:00:00"
2001,4,372.86,2001.29,"2001-4-15 00:00:00"
2001,5,374.02,2001.38,"2001-5-15 00:00:00"
2001,6,373.31,2001.46,"2001-6-15 00:00:00"
2001,7,371.62,2001.54,"2001-7-15 00:00:00"
2001,8,369.55,2001.62,"2001-8-15 00:00:00"
2001,9,367.96,2001.71,"2001-9-15 00:00:00"
2002,1,372.44,2002.04,"2002-1-15 00:00:00"
2002,10,370.25,2002.79,"2002-10-15 00:00:00"
2002,11,372.08,2002.88,"2002-11-15 00:00:00"
2002,12,373.78,2002.96,"2002-12-15 00:00:00"
2002,2,373.08,2002.12,"2002-2-15 00:00:00"
2002,3,373.52,2002.21,"2002-3-15 00:00:00"
2002,4,374.85,2002.29,"2002-4-15 00:00:00"
2002,5,375.55,2002.38,"2002-5-15 00:00:00"
2002,6,375.4,2002.46,"2002-6-15 00:00:00"
2002,7,374.02,2002.54,"2002-7-15 00:00:00"
2002,8,371.48,2002.62,"2002-8-15 00:00:00"
2002,9,370.7,2002.71,"2002-9-15 00:00:00"
2003,1,374.68,2003.04,"2003-1-15 00:00:00"
2003,10,373,2003.79,"2003-10-15 00:00:00"
2003,11,374.35,2003.88,"2003-11-15 00:00:00"
2003,12,375.69,2003.96,"2003-12-15 00:00:00"
2003,2,375.62,2003.12,"2003-2-15 00:00:00"
2003,3,376.11,2003.21,"2003-3-15 00:00:00"
2003,4,377.65,2003.29,"2003-4-15 00:00:00"
2003,5,378.35,2003.38,"2003-5-15 00:00:00"
2003,6,378.13,2003.46,"2003-6-15 00:00:00"
2003,7,376.6,2003.54,"2003-7-15 00:00:00"
2003,8,374.48,2003.62,"2003-8-15 00:00:00"
2003,9,372.98,2003.71,"2003-9-15 00:00:00"
2004,1,376.79,2004.04,"2004-1-15 00:00:00"
2004,10,374.22,2004.79,"2004-10-15 00:00:00"
2004,11,375.84,2004.88,"2004-11-15 00:00:00"
2004,12,377.44,2004.96,"2004-12-15 00:00:00"
2004,2,377.37,2004.12,"2004-2-15 00:00:00"
2004,3,378.39,2004.21,"2004-3-15 00:00:00"
2004,4,380.5,2004.29,"2004-4-15 00:00:00"
2004,5,380.62,2004.38,"2004-5-15 00:00:00"
2004,6,379.55,2004.46,"2004-6-15 00:00:00"
2004,7,377.76,2004.54,"2004-7-15 00:00:00"
2004,8,375.83,2004.62,"2004-8-15 00:00:00"
2004,9,374.05,2004.71,"2004-9-15 00:00:00"
2005,1,378.34,2005.04,"2005-1-15 00:00:00"
2005,10,376.8,2005.79,"2005-10-15 00:00:00"
2005,11,378.31,2005.88,"2005-11-15 00:00:00"
2005,12,379.96,2005.96,"2005-12-15 00:00:00"
2005,2,379.61,2005.12,"2005-2-15 00:00:00"
2005,3,380.08,2005.21,"2005-3-15 00:00:00"
2005,4,382.05,2005.29,"2005-4-15 00:00:00"
2005,5,382.24,2005.38,"2005-5-15 00:00:00"
2005,6,382.08,2005.46,"2005-6-15 00:00:00"
2005,7,380.66,2005.54,"2005-7-15 00:00:00"
2005,8,378.67,2005.62,"2005-8-15 00:00:00"
2005,9,376.42,2005.71,"2005-9-15 00:00:00"
2006,1,381.37,2006.04,"2006-1-15 00:00:00"
2006,10,379.06,2006.79,"2006-10-15 00:00:00"
2006,11,380.14,2006.88,"2006-11-15 00:00:00"
2006,12,381.66,2006.96,"2006-12-15 00:00:00"
2006,2,382.02,2006.12,"2006-2-15 00:00:00"
2006,3,382.56,2006.21,"2006-3-15 00:00:00"
2006,4,384.36,2006.29,"2006-4-15 00:00:00"
2006,5,384.92,2006.38,"2006-5-15 00:00:00"
2006,6,384.03,2006.46,"2006-6-15 00:00:00"
2006,7,382.28,2006.54,"2006-7-15 00:00:00"
2006,8,380.48,2006.62,"2006-8-15 00:00:00"
2006,9,378.81,2006.71,"2006-9-15 00:00:00"
2007,1,382.58,2007.04,"2007-1-15 00:00:00"
2007,10,380.86,2007.79,"2007-10-15 00:00:00"
2007,11,382.36,2007.88,"2007-11-15 00:00:00"
2007,12,383.61,2007.96,"2007-12-15 00:00:00"
2007,2,383.71,2007.12,"2007-2-15 00:00:00"
2007,3,384.34,2007.21,"2007-3-15 00:00:00"
2007,4,386.23,2007.29,"2007-4-15 00:00:00"
2007,5,386.41,2007.38,"2007-5-15 00:00:00"
2007,6,385.87,2007.46,"2007-6-15 00:00:00"
2007,7,384.44,2007.54,"2007-7-15 00:00:00"
2007,8,381.84,2007.62,"2007-8-15 00:00:00"
2007,9,380.86,2007.71,"2007-9-15 00:00:00"
2008,1,385.07,2008.04,"2008-1-15 00:00:00"
2008,10,382.78,2008.79,"2008-10-15 00:00:00"
2008,11,384.01,2008.88,"2008-11-15 00:00:00"
2008,12,385.11,2008.96,"2008-12-15 00:00:00"
2008,2,385.84,2008.12,"2008-2-15 00:00:00"
2008,3,385.83,2008.21,"2008-3-15 00:00:00"
2008,4,386.77,2008.29,"2008-4-15 00:00:00"
2008,5,388.51,2008.38,"2008-5-15 00:00:00"
2008,6,388.05,2008.46,"2008-6-15 00:00:00"
2008,7,386.25,2008.54,"2008-7-15 00:00:00"
2008,8,384.08,2008.62,"2008-8-15 00:00:00"
2008,9,383.09,2008.71,"2008-9-15 00:00:00"
2009,1,386.65,2009.04,"2009-1-15 00:00:00"
2009,10,384.33,2009.79,"2009-10-15 00:00:00"
2009,11,386.05,2009.88,"2009-11-15 00:00:00"
2009,12,387.49,2009.96,"2009-12-15 00:00:00"
2009,2,387.12,2009.12,"2009-2-15 00:00:00"
2009,3,388.52,2009.21,"2009-3-15 00:00:00"
2009,4,389.57,2009.29,"2009-4-15 00:00:00"
2009,5,390.17,2009.38,"2009-5-15 00:00:00"
2009,6,389.62,2009.46,"2009-6-15 00:00:00"
2009,7,388.07,2009.54,"2009-7-15 00:00:00"
2009,8,386.08,2009.62,"2009-8-15 00:00:00"
2009,9,384.65,2009.71,"2009-9-15 00:00:00"
2010,1,388.55,2010.04,"2010-1-15 00:00:00"
2010,10,387.16,2010.79,"2010-10-15 00:00:00"
2010,11,388.67,2010.88,"2010-11-15 00:00:00"
2010,12,389.81,2010.96,"2010-12-15 00:00:00"
2010,2,390.07,2010.12,"2010-2-15 00:00:00"
2010,3,391.01,2010.21,"2010-3-15 00:00:00"
2010,4,392.38,2010.29,"2010-4-15 00:00:00"
2010,5,393.22,2010.38,"2010-5-15 00:00:00"
2010,6,392.24,2010.46,"2010-6-15 00:00:00"
2010,7,390.33,2010.54,"2010-7-15 00:00:00"
2010,8,388.52,2010.62,"2010-8-15 00:00:00"
2010,9,386.84,2010.71,"2010-9-15 00:00:00"
2011,1,391.3,2011.04,"2011-1-15 00:00:00"
2011,10,388.93,2011.79,"2011-10-15 00:00:00"
2011,11,390.24,2011.88,"2011-11-15 00:00:00"
2011,12,391.8,2011.96,"2011-12-15 00:00:00"
2011,2,391.92,2011.12,"2011-2-15 00:00:00"
2011,3,392.45,2011.21,"2011-3-15 00:00:00"
2011,4,393.37,2011.29,"2011-4-15 00:00:00"
2011,5,394.28,2011.38,"2011-5-15 00:00:00"
2011,6,393.69,2011.46,"2011-6-15 00:00:00"
2011,7,392.59,2011.54,"2011-7-15 00:00:00"
2011,8,390.21,2011.62,"2011-8-15 00:00:00"
2011,9,389,2011.71,"2011-9-15 00:00:00"
2012,1,393.07,2012.04,"2012-1-15 00:00:00"
2012,10,391.01,2012.79,"2012-10-15 00:00:00"
2012,11,392.95,2012.88,"2012-11-15 00:00:00"
2012,12,394.33,2012.96,"2012-12-15 00:00:00"
2012,2,393.35,2012.12,"2012-2-15 00:00:00"
2012,3,394.36,2012.21,"2012-3-15 00:00:00"
2012,4,396.43,2012.29,"2012-4-15 00:00:00"
2012,5,396.87,2012.38,"2012-5-15 00:00:00"
2012,6,395.88,2012.46,"2012-6-15 00:00:00"
2012,7,394.52,2012.54,"2012-7-15 00:00:00"
2012,8,392.54,2012.62,"2012-8-15 00:00:00"
2012,9,391.13,2012.71,"2012-9-15 00:00:00"
2013,1,395.61,2013.04,"2013-1-15 00:00:00"
2013,10,393.7,2013.79,"2013-10-15 00:00:00"
2013,11,395.19,2013.88,"2013-11-15 00:00:00"
2013,12,396.82,2013.96,"2013-12-15 00:00:00"
2013,2,396.85,2013.12,"2013-2-15 00:00:00"
2013,3,397.26,2013.21,"2013-3-15 00:00:00"
2013,4,398.35,2013.29,"2013-4-15 00:00:00"
2013,5,399.98,2013.38,"2013-5-15 00:00:00"
2013,6,398.87,2013.46,"2013-6-15 00:00:00"
2013,7,397.37,2013.54,"2013-7-15 00:00:00"
2013,8,395.41,2013.62,"2013-8-15 00:00:00"
2013,9,393.39,2013.71,"2013-9-15 00:00:00"
2014,1,397.92,2014.04,"2014-1-15 00:00:00"
2014,10,395.65,2014.79,"2014-10-15 00:00:00"
2014,11,397.23,2014.88,"2014-11-15 00:00:00"
2014,12,398.79,2014.96,"2014-12-15 00:00:00"
2014,2,398.1,2014.12,"2014-2-15 00:00:00"
2014,3,399.47,2014.21,"2014-3-15 00:00:00"
2014,4,401.33,2014.29,"2014-4-15 00:00:00"
2014,5,401.88,2014.38,"2014-5-15 00:00:00"
2014,6,401.31,2014.46,"2014-6-15 00:00:00"
2014,7,399.07,2014.54,"2014-7-15 00:00:00"
2014,8,397.21,2014.62,"2014-8-15 00:00:00"
2014,9,395.4,2014.71,"2014-9-15 00:00:00"
2015,1,399.85,2015.04,"2015-1-15 00:00:00"
2015,10,398.28,2015.79,"2015-10-15 00:00:00"
2015,11,400.24,2015.88,"2015-11-15 00:00:00"
2015,12,401.89,2015.96,"2015-12-15 00:00:00"
2015,2,400.31,2015.12,"2015-2-15 00:00:00"
2015,3,401.51,2015.21,"2015-3-15 00:00:00"
2015,4,403.45,2015.29,"2015-4-15 00:00:00"
2015,5,404.1,2015.38,"2015-5-15 00:00:00"
2015,6,402.88,2015.46,"2015-6-15 00:00:00"
2015,7,401.61,2015.54,"2015-7-15 00:00:00"
2015,8,399,2015.62,"2015-8-15 00:00:00"
2015,9,397.5,2015.71,"2015-9-15 00:00:00"
2016,1,402.65,2016.04,"2016-1-15 00:00:00"
2016,10,401.5,2016.79,"2016-10-15 00:00:00"
2016,11,403.64,2016.88,"2016-11-15 00:00:00"
2016,12,404.55,2016.96,"2016-12-15 00:00:00"
2016,2,404.16,2016.12,"2016-2-15 00:00:00"
2016,3,404.85,2016.21,"2016-3-15 00:00:00"
2016,4,407.57,2016.29,"2016-4-15 00:00:00"
2016,5,407.66,2016.38,"2016-5-15 00:00:00"
2016,6,407,2016.46,"2016-6-15 00:00:00"
2016,7,404.5,2016.54,"2016-7-15 00:00:00"
2016,8,402.24,2016.62,"2016-8-15 00:00:00"
2016,9,401.01,2016.71,"2016-9-15 00:00:00"
2017,1,406.07,2017.04,"2017-1-15 00:00:00"
2017,10,403.64,2017.79,"2017-10-15 00:00:00"
2017,11,405.17,2017.88,"2017-11-15 00:00:00"
2017,12,406.75,2017.96,"2017-12-15 00:00:00"
2017,2,406.64,2017.12,"2017-2-15 00:00:00"
2017,3,407.06,2017.21,"2017-3-15 00:00:00"
2017,4,408.95,2017.29,"2017-4-15 00:00:00"
2017,5,409.91,2017.38,"2017-5-15 00:00:00"
2017,6,409.12,2017.46,"2017-6-15 00:00:00"
2017,7,407.2,2017.54,"2017-7-15 00:00:00"
2017,8,405.24,2017.62,"2017-8-15 00:00:00"
2017,9,403.27,2017.71,"2017-9-15 00:00:00"
2018,1,408.05,2018.04,"2018-1-15 00:00:00"
2018,10,405.99,2018.79,"2018-10-15 00:00:00"
2018,11,408.12,2018.88,"2018-11-15 00:00:00"
2018,12,409.23,2018.96,"2018-12-15 00:00:00"
2018,2,408.34,2018.12,"2018-2-15 00:00:00"
2018,3,409.25,2018.21,"2018-3-15 00:00:00"
2018,4,410.3,2018.29,"2018-4-15 00:00:00"
2018,5,411.3,2018.38,"2018-5-15 00:00:00"
2018,6,410.88,2018.46,"2018-6-15 00:00:00"
2018,7,408.9,2018.54,"2018-7-15 00:00:00"
2018,8,407.1,2018.62,"2018-8-15 00:00:00"
2018,9,405.59,2018.71,"2018-9-15 00:00:00"
2019,1,410.92,2019.04,"2019-1-15 00:00:00"
2019,2,411.66,2019.12,"2019-2-15 00:00:00"
2019,3,412,2019.21,"2019-3-15 00:00:00"
2019,4,413.52,2019.29,"2019-4-15 00:00:00"
2019,5,414.83,2019.38,"2019-5-15 00:00:00"
2019,6,413.96,2019.46,"2019-6-15 00:00:00"
2019,7,411.85,2019.54,"2019-7-15 00:00:00"
2019,8,410.08,2019.62,"2019-8-15 00:00:00"
2019,9,408.55,2019.71,"2019-9-15 00:00:00"
